{"stat.walkOneCm":391600,"stat.useItem.278":2,"mcheliMcHeliWelcome":2,"stat.useItem.354":1,"stat.killEntity.EntityHorse":4,"stat.pigOneCm":4257,"stat.leaveGame":10,"stat.killEntity.Slime":3,"stat.killEntity.LavaSlime":1,"tconstruct.beginner":1,"stat.jump":603,"stat.swimOneCm":3404,"stat.fallOneCm":42292,"achievement.mineWood":1,"achievement.exploreAllBiomes":{"value":0,"progress":["moon","Roofed Forest","Plains"]},"stat.useItem.89":15,"achievement.openInventory":150,"stat.mineBlock.161":1,"stat.breakItem.278":1,"stat.damageTaken":715983380,"stat.mobKills":15,"stat.flyOneCm":211073,"stat.useItem.56":15,"stat.deaths":3,"stat.drop":274,"stat.playOneMinute":271996,"stat.useItem.3":1,"stat.damageDealt":182,"stat.useItem.57":45}