{"stat.useItem.276":6,"stat.walkOneCm":322005,"mcheliMcHeliWelcome":11,"stat.playerKills":3,"stat.leaveGame":6,"stat.killEntity.Ozelot":1,"stat.killEntity.LavaSlime":6,"tconstruct.beginner":2,"stat.jump":553,"stat.swimOneCm":3470,"stat.fallOneCm":131326,"achievement.mineWood":36,"stat.mineBlock.50":2,"achievement.exploreAllBiomes":{"value":0,"progress":["Beach","moon","Roofed Forest","Plains","Desert","Savanna"]},"achievement.openInventory":179,"stat.killEntity.Chicken":1,"stat.damageTaken":-2147394937,"stat.mobKills":54,"stat.useItem.46":8,"stat.useItem.383":60,"stat.flyOneCm":251690,"stat.deaths":2,"stat.drop":152,"stat.playOneMinute":274668,"stat.useItem.3":40,"stat.killEntity.Villager":1,"stat.damageDealt":71627681,"stat.killEntity.Cow":4,"stat.killEntity.Pig":2,"stat.diveOneCm":4150}